{
  "method": "gnn_lpd_dqn_selective_db_lp",
  "rows": 3976,
  "mean_PR": 0.9864597452462599,
  "min_PR": 0.2733826758517281,
  "mean_DB": 0.007095014625578138,
  "mean_decision_ms": 171.41839123765817,
  "p95_decision_ms": 632.6114475014037,
  "full_od_fallback_rate": 0.0,
  "k_escalation_rate": 0.5513078470824949,
  "gnn_usage_rate": 1.0,
  "lpd_usage_rate": 1.0,
  "heuristic_used_rate": 0.0
}