{
  "method": "gnn_lpd_dqn_selective_db_lp",
  "rows": 3976,
  "mean_PR": 0.986724143389937,
  "min_PR": 0.2733826758517281,
  "mean_DB": 0.007026542149454713,
  "mean_decision_ms": 216.4170556891729,
  "p95_decision_ms": 1119.525332997,
  "full_od_fallback_rate": 0.0,
  "k_escalation_rate": 0.5563380281690141,
  "gnn_usage_rate": 1.0,
  "lpd_usage_rate": 1.0,
  "heuristic_used_rate": 0.0
}