{
  "method": "gnn_lpd_dqn_selective_db_lp",
  "rows": 3976,
  "mean_PR": 0.9334568219381384,
  "min_PR": 0.25720421353690714,
  "mean_DB": 0.006952327334140418,
  "mean_decision_ms": 50.920234023585216,
  "p95_decision_ms": 337.1977920014615,
  "full_od_fallback_rate": 0.0,
  "k_escalation_rate": 0.43133802816901406,
  "gnn_usage_rate": 1.0,
  "lpd_usage_rate": 1.0,
  "heuristic_used_rate": 0.0
}